{
	"parent": "item/trident",
	"display": {
		"thirdperson_righthand": {
			"rotation": [0, 270, 180],
			"translation": [-8, -13, -7.5],
			"scale": [1, 1, 1]
		},
		"thirdperson_lefthand": {
			"rotation": [0, -270, 180],
			"translation": [8, -13, -7.5],
			"scale": [1, 1, 1]
		},
		"firstperson_righthand": {
			"rotation": [0, -90, 25],
			"translation": [-3, 17, 1],
			"scale": [1, 1, 1]
		},
		"firstperson_lefthand": {
			"rotation": [0, 90, -25],
			"translation": [13, 17, 1],
			"scale": [1, 1, 1]
		}
	}
}
